,Chinese,Chinese,Maths,Maths,English,English
,sum,mean,sum,mean,sum,mean
role,,,,,,
坦克,146,73.0,120,60.0,155,77.5
战士,278,92.66666666666667,271,90.33333333333333,265,88.33333333333333
